RK,TIERS,PLAYER NAME,TEAM,POS,AGE,BEST,WORST,AVG.,STD.DEV,ECR VS. ADP
1,1,Josh Allen,BUF,QB1,29,1,3,1.6,0.8,-
2,1,Lamar Jackson,BAL,QB2,28,1,3,2.1,0.6,-
3,1,Jayden Daniels,WAS,QB3,24,1,6,2.6,1.2,-
4,1,Joe Burrow,CIN,QB4,28,3,11,4.8,1.8,-
5,2,Jalen Hurts,PHI,QB5,26,4,14,6.1,2.3,-
6,2,Ja'Marr Chase,CIN,WR1,25,3,8,6.5,1.6,-
7,2,Justin Jefferson,MIN,WR2,26,4,10,7.6,1.8,-
8,2,Patrick Mahomes II,KC,QB6,29,6,22,9.3,4.8,-
9,2,CeeDee Lamb,DAL,WR3,26,7,21,12.6,4.3,-
10,2,Bijan Robinson,ATL,RB1,23,7,18,13,3.8,-
11,3,Malik Nabers,NYG,WR4,22,5,21,13.7,4.2,-
12,3,Justin Herbert,LAC,QB7,27,7,31,13.8,7.5,-
13,3,Jahmyr Gibbs,DET,RB2,23,8,21,15.5,3.6,-
14,3,Caleb Williams,CHI,QB8,23,7,36,17.4,7.8,-
15,3,Amon-Ra St. Brown,DET,WR5,25,10,28,18.5,5.8,-
16,3,Bo Nix,DEN,QB9,25,11,44,18.6,8,-
17,3,Drake Maye,NE,QB10,22,8,39,18.9,8.7,-
18,3,Puka Nacua,LAR,WR6,24,9,29,18.9,5.3,-
19,3,C.J. Stroud,HOU,QB11,23,10,39,19,9.2,-
20,3,Brian Thomas Jr.,JAC,WR7,22,12,26,19.8,4.2,-
21,3,Ashton Jeanty,LV,RB3,21,13,27,19.9,3.9,-
22,4,Nico Collins,HOU,WR8,26,16,29,24.4,4.2,-
23,4,Drake London,ATL,WR9,24,20,36,26.7,4.9,-
24,4,Brock Purdy,SF,QB12,25,14,76,27.4,15.4,-
25,4,Jordan Love,GB,QB13,26,13,58,27.8,14.7,-
26,4,Saquon Barkley,PHI,RB4,28,19,38,28.3,5.8,-
27,4,Baker Mayfield,TB,QB14,30,15,50,28.7,9.9,-
28,4,Brock Bowers,LV,TE1,22,13,43,29,9.3,-
29,4,De'Von Achane,MIA,RB5,23,23,41,30.2,5.2,-
30,4,Kyler Murray,ARI,QB15,27,14,78,30.3,16.4,-
31,4,Ladd McConkey,LAC,WR10,23,21,39,30.4,4.3,-
32,5,A.J. Brown,PHI,WR11,28,24,41,33.9,4.9,-
33,5,Garrett Wilson,NYJ,WR12,25,24,45,34.8,4.7,-
34,5,Jaxon Smith-Njigba,SEA,WR13,23,24,50,34.9,6,-
35,5,Marvin Harrison Jr.,ARI,WR14,22,31,47,36.9,4.1,-
36,5,Breece Hall,NYJ,RB6,24,23,59,37.9,8.4,-
37,5,Trey McBride,ARI,TE2,25,20,47,38.8,6.9,-
38,5,Trevor Lawrence,JAC,QB16,25,18,64,39,14,-
39,5,Omarion Hampton,LAC,RB7,22,26,74,39.7,10.7,-
40,5,Bucky Irving,TB,RB8,22,30,65,40.6,9,-
41,5,Jonathan Taylor,IND,RB9,26,28,67,41.2,11.3,-
42,5,J.J. McCarthy,MIN,QB17,22,24,58,42.2,11.7,-
43,5,Tee Higgins,CIN,WR15,26,34,56,42.2,4.6,-
44,5,Travis Hunter,JAC,WR16,22,29,57,42.9,6,-
45,5,Tetairoa McMillan,CAR,WR17,22,27,99,44.5,13.6,-
46,5,Rashee Rice,KC,WR18,25,30,62,45.5,8.5,-
47,6,DeVonta Smith,PHI,WR19,26,43,66,50.9,5.9,-
48,6,Kyren Williams,LAR,RB10,24,30,72,51.2,10.9,-
49,6,Jared Goff,DET,QB18,30,25,70,51.5,10.9,-
50,6,Zay Flowers,BAL,WR20,24,46,75,54.5,8.6,-
51,6,Dak Prescott,DAL,QB19,32,29,89,54.6,12.6,-
52,6,Sam LaPorta,DET,TE3,24,44,61,54.8,5.2,-
53,6,James Cook,BUF,RB11,25,37,74,55,10.9,-
54,6,DK Metcalf,PIT,WR21,27,45,70,58,6.5,-
55,6,Rome Odunze,CHI,WR22,23,43,87,58,12.8,-
56,6,Chase Brown,CIN,RB12,25,23,80,58.2,12.7,-
57,6,Michael Penix Jr.,ATL,QB20,25,24,95,58.2,16.8,-
58,6,Josh Jacobs,GB,RB13,27,39,91,59.7,13.9,-
59,6,DJ Moore,CHI,WR23,28,43,84,60.6,11.8,-
60,6,Terry McLaurin,WAS,WR24,29,47,77,61.6,8.6,-
61,6,Cameron Ward,TEN,QB21,23,34,90,61.9,12.7,-
62,6,Jordan Addison,MIN,WR25,23,49,82,62.1,8.2,-
63,7,TreVeyon Henderson,NE,RB14,22,47,75,62.7,8.5,-
64,7,Kenneth Walker III,SEA,RB15,24,43,92,64.5,11.7,-
65,7,Jaylen Waddle,MIA,WR26,26,48,99,65.1,11.9,-
66,7,Xavier Worthy,KC,WR27,22,47,96,66.1,11.4,-
67,7,Christian McCaffrey,SF,RB16,29,36,86,67,12.2,-
68,7,Chris Olave,NO,WR28,25,43,99,67.3,15.4,-
69,7,George Kittle,SF,TE4,31,53,109,69.4,13.6,-
70,7,Justin Fields,NYJ,QB22,26,54,89,69.5,9.3,-
71,7,T.J. Hockenson,MIN,TE5,28,58,110,70.3,12.1,-
72,7,Jameson Williams,DET,WR29,24,54,87,70.4,10,-
73,7,Derrick Henry,BAL,RB17,31,43,100,73,12.7,-
74,7,Emeka Egbuka,TB,WR30,22,45,107,73.5,13.2,-
75,7,Tyler Warren,IND,TE6,23,61,89,74.9,9.2,-
76,7,Bryce Young,CAR,QB23,24,48,116,76.5,16.2,-
77,7,Colston Loveland,CHI,TE7,21,65,94,77.9,8.4,-
78,7,Kaleb Johnson,PIT,RB18,21,55,106,80,14.9,-
79,7,George Pickens,DAL,WR31,24,58,108,80.5,12.5,-
80,7,RJ Harvey,DEN,RB19,24,55,113,82,13.7,-
81,7,Tyreek Hill,MIA,WR32,31,37,105,82.1,13.3,-
82,7,Tua Tagovailoa,MIA,QB24,27,40,101,82.9,12.9,-
83,7,Quinshon Judkins,CLE,RB20,21,67,118,83.5,12.6,-
84,8,Jerry Jeudy,CLE,WR33,26,63,105,83.7,11.1,-
85,8,Davante Adams,LAR,WR34,32,52,116,85.2,16.1,-
86,8,Chuba Hubbard,CAR,RB21,26,64,105,87.5,9,-
87,8,Mike Evans,TB,WR35,31,58,107,88.7,11.1,-
88,8,Brandon Aiyuk,SF,WR36,27,64,113,89.5,12.4,-
89,8,David Njoku,CLE,TE8,29,73,117,90,14.4,-
90,8,Sam Darnold,SEA,QB25,28,76,103,90.7,5.1,-
91,8,Tucker Kraft,GB,TE9,24,69,140,91.9,18.9,-
92,8,Mark Andrews,BAL,TE10,29,65,131,94,20.3,-
93,8,David Montgomery,DET,RB22,28,76,116,94.7,10,-
94,8,Matthew Golden,GB,WR37,22,68,119,98.4,15.9,-
95,8,Joe Mixon,HOU,RB23,29,77,121,98.5,10.9,-
96,8,Ricky Pearsall,SF,WR38,24,67,125,98.9,13.6,-
97,8,Luther Burden III,CHI,WR39,21,78,118,99.1,11.3,-
98,8,Dalton Kincaid,BUF,TE11,25,79,140,100.5,15.4,-
99,8,Alvin Kamara,NO,RB24,30,86,142,102.1,11.1,-
100,8,Chris Godwin,TB,WR40,29,77,121,102.5,11.1,-
101,8,Khalil Shakir,BUF,WR41,25,80,128,104.5,11.9,-
102,8,Josh Downs,IND,WR42,23,85,133,104.8,13.4,-
103,8,Courtland Sutton,DEN,WR43,29,74,127,106.1,14.6,-
104,8,Anthony Richardson Sr.,IND,QB26,23,87,177,106.5,21.6,-
105,8,Jayden Higgins,HOU,WR44,22,75,142,108.3,16.9,-
106,8,Jayden Reed,GB,WR45,25,85,144,108.3,14.9,-
107,8,Tony Pollard,TEN,RB25,28,78,129,109.3,11.3,-
108,8,Tre' Harris,LAC,WR46,23,84,134,109.6,13.3,-
109,9,Jaxson Dart,NYG,QB27,22,72,142,99.1,17.5,-
110,9,Michael Pittman Jr.,IND,WR47,27,94,124,110.3,7.5,-
111,9,Evan Engram,DEN,TE12,30,81,146,112,18.1,-
112,9,D'Andre Swift,CHI,RB26,26,94,134,112.5,10,-
113,9,Brian Robinson Jr.,WAS,RB27,26,102,121,113.4,6.3,-
114,9,Isiah Pacheco,KC,RB28,26,80,157,113.9,17.4,-
115,9,James Conner,ARI,RB29,30,90,142,116.8,12.6,-
116,9,Calvin Ridley,TEN,WR48,30,105,130,117.2,6.5,-
117,9,Geno Smith,LV,QB28,34,73,121,98.9,10.5,-
118,9,Jauan Jennings,SF,WR49,28,96,140,121.3,11.9,-
119,9,Travis Kelce,KC,TE13,35,73,167,122,21.8,-
120,9,Deebo Samuel Sr.,WAS,WR50,29,98,158,122.8,14.1,-
121,9,Tyrone Tracy Jr.,NYG,RB30,25,89,164,123.4,20.4,-
122,9,Jakobi Meyers,LV,WR51,28,114,138,123.8,6.2,-
123,9,Cam Skattebo,NYG,RB31,23,91,168,126.4,20.5,-
124,9,Kyle Pitts,ATL,TE14,24,94,159,127.5,15.1,-
125,9,Aaron Jones Sr.,MIN,RB32,30,98,163,127.5,19,-
126,9,Keon Coleman,BUF,WR52,22,98,180,128.4,19,-
127,9,Darnell Mooney,ATL,WR53,27,112,162,131.3,10.2,-
128,9,Matthew Stafford,LAR,QB29,37,86,178,111.2,21.9,-
129,9,Travis Etienne Jr.,JAC,RB33,26,109,154,133,13.9,-
130,9,Jalen McMillan,TB,WR54,23,109,158,133.8,12.6,-
131,9,Stefon Diggs,NE,WR55,31,122,165,136.8,10.4,-
132,9,Jack Bech,LV,WR56,22,116,166,137.7,13.4,-
133,9,Najee Harris,LAC,RB34,27,102,170,138.6,17.2,-
134,9,Dallas Goedert,PHI,TE15,30,94,173,139.2,20.7,-
135,9,Isaiah Likely,BAL,TE16,25,120,188,139.5,18.9,-
136,9,Cooper Kupp,SEA,WR57,32,113,169,139.7,15.6,-
137,9,Zach Charbonnet,SEA,RB35,24,111,166,140.4,16.6,-
138,10,Rashid Shaheed,NO,WR58,26,128,173,142.1,10.8,-
139,10,Trey Benson,ARI,RB36,23,82,185,142.7,23.7,-
140,10,Kyle Williams,NE,WR59,22,111,182,143.6,15.8,-
141,10,Jake Ferguson,DAL,TE17,26,124,193,144.9,20.6,-
142,10,Jonnu Smith,PIT,TE18,29,99,179,147.3,21.5,-
143,10,Jaylen Warren,PIT,RB37,26,109,175,149.2,16.8,-
144,10,Rhamondre Stevenson,NE,RB38,27,112,195,152.8,18.9,-
145,10,Christian Kirk,HOU,WR60,28,126,181,152.9,14.1,-
146,10,Mason Taylor,NYJ,TE19,21,123,221,152.9,22,-
147,10,Rashod Bateman,BAL,WR61,25,136,198,153.1,15.3,-
148,10,Cedric Tillman,CLE,WR62,25,121,199,155,18.3,-
149,10,Rachaad White,TB,RB39,26,124,190,156.9,14.8,-
150,10,Pat Freiermuth,PIT,TE20,26,102,195,158.4,23.8,-
151,10,Romeo Doubs,GB,WR63,25,138,190,159.2,12.5,-
152,10,Bhayshul Tuten,JAC,RB40,23,82,180,141.4,25.8,-
153,10,Javonte Williams,DAL,RB41,25,124,189,160.2,15.6,-
154,10,Jaylin Noel,HOU,WR64,22,122,296,160.3,38,-
155,10,Xavier Legette,CAR,WR65,24,135,215,163.4,17.4,-
156,10,Tyjae Spears,TEN,RB42,24,127,228,164.3,22.4,-
157,10,Marvin Mims Jr.,DEN,WR66,23,131,210,156.6,19.1,-
158,10,Elijah Arroyo,SEA,TE21,22,126,240,165.1,26.7,-
159,10,Marquise Brown,KC,WR67,28,140,197,166.1,16.4,-
160,10,Jordan Mason,MIN,RB43,26,131,223,166.9,21.5,-
161,10,Tank Bigsby,JAC,RB44,22,123,216,167.4,21.6,-
162,10,Terrance Ferguson,LAR,TE22,22,127,259,173.4,33.3,-
163,10,Tyler Shough,NO,QB30,25,111,153,136.8,10.9,-
164,10,Cade Otton,TB,TE23,26,143,218,174.9,22.3,-
165,10,Wan'Dale Robinson,NYG,WR68,24,135,206,175.1,19.5,-
166,10,Isaac Guerendo,SF,RB45,25,144,207,175.4,17.2,-
167,10,Tank Dell,HOU,WR69,25,140,233,176.5,22.1,-
168,10,Jaylen Wright,MIA,RB46,22,150,200,177.5,15.4,-
169,10,Ray Davis,BUF,RB47,25,143,197,177.9,12.7,-
170,10,Hunter Henry,NE,TE24,30,148,231,178.1,21.1,-
171,10,Harold Fannin Jr.,CLE,TE25,21,132,243,178.9,25.3,-
172,10,Quentin Johnston,LAC,WR70,23,141,218,179.2,22.1,-
173,11,Braelon Allen,NYJ,RB48,21,137,229,180.1,21.6,-
174,11,Jalen Milroe,SEA,QB31,22,108,150,133.7,13.9,-
175,11,Jaydon Blue,DAL,RB49,21,150,245,182.5,21.7,-
176,11,Elic Ayomanor,TEN,WR71,22,137,290,184.6,39.6,-
177,11,Jalen Royals,KC,WR72,22,141,252,186.2,28.5,-
178,11,Jalen Coker,CAR,WR73,23,169,240,187.9,19.7,-
179,11,Adonai Mitchell,IND,WR74,22,158,227,181.9,17.2,-
180,11,J.K. Dobbins,DEN,RB50,26,132,222,182.5,26.1,-
181,11,Dylan Sampson,CLE,RB51,20,128,249,184.8,28.9,-
182,11,Blake Corum,LAR,RB52,24,163,219,191.9,16.6,-
183,11,Brenton Strange,JAC,TE26,24,136,285,185.5,31.8,-
184,11,Cole Kmet,CHI,TE27,26,146,241,192.6,24.4,-
185,11,Rico Dowdle,CAR,RB53,27,148,246,194.4,24.1,-
186,11,Joshua Palmer,BUF,WR75,25,141,234,188,24.5,-
187,11,DeMario Douglas,NE,WR76,24,155,242,195.2,20.6,-
188,11,Ja'Tavion Sanders,CAR,TE28,22,158,251,195.4,22,-
189,11,Tyler Allgeier,ATL,RB54,25,162,261,195.9,25.6,-
190,11,Christian Watson,GB,WR77,26,159,284,197.3,27.1,-
191,11,Mike Gesicki,CIN,TE29,29,176,272,202.6,23.6,-
192,11,Dontayvion Wicks,GB,WR78,24,178,285,196.7,23.7,-
193,11,DeAndre Hopkins,BAL,WR79,33,164,275,203.9,24.5,-
194,11,MarShawn Lloyd,GB,RB55,24,121,268,207.8,32.1,-
195,11,Chig Okonkwo,TEN,TE30,25,176,246,203.7,16.1,-
196,11,DJ Giddens,IND,RB56,21,171,268,210.6,21.9,-
197,11,Jerome Ford,CLE,RB57,25,134,271,210.8,33.1,-
198,11,Zach Ertz,WAS,TE31,34,149,279,212.3,27.1,-
199,11,Adam Thielen,CAR,WR80,34,153,313,206.6,38.2,-
200,11,Theo Johnson,NYG,TE32,24,184,243,206.6,15,-
201,11,Roschon Johnson,CHI,RB58,24,177,253,214.4,18.6,-
202,11,Devin Neal,NO,RB59,21,162,300,209.5,34.3,-
203,11,Alec Pierce,IND,WR81,25,169,262,210.2,23.9,-
204,11,Amari Cooper,FA,WR82,31,147,253,196.6,29,-
205,11,Russell Wilson,NYG,QB32,36,118,188,146.1,17.1,-
206,11,Jonathon Brooks,CAR,RB60,22,151,292,204.6,33,-
207,11,Ben Sinnott,WAS,TE33,23,179,260,205.7,18.4,-
208,11,Daniel Jones,IND,QB33,28,106,177,148.1,14.7,-
209,11,Diontae Johnson,CLE,WR83,29,188,264,212.5,21.4,-
210,11,Jarquez Hunter,LAR,RB61,22,139,259,200.2,33.2,-
211,11,Michael Wilson,ARI,WR84,25,169,236,207.4,17,-
212,11,Keenan Allen,FA,WR85,33,167,252,201.7,23.1,-
213,12,Dalton Schultz,HOU,TE34,29,187,273,217.3,26.1,-
214,12,Pat Bryant,DEN,WR86,22,136,299,208.8,39.7,-
215,12,Roman Wilson,PIT,WR87,24,183,278,221.8,24.7,-
216,12,Nick Chubb,HOU,RB62,29,190,260,226,18.2,-
217,12,Aaron Rodgers,PIT,QB34,41,87,202,144,27.8,-
218,12,Austin Ekeler,WAS,RB63,30,159,283,228.8,32.3,-
219,12,Shedeur Sanders,CLE,QB35,23,106,187,145.5,20.8,-
220,12,Andrei Iosivas,CIN,WR88,25,198,270,224.1,19.6,-
221,12,Isaac TeSlaa,DET,WR89,23,174,301,219.1,35.4,-
222,12,Troy Franklin,DEN,WR90,22,179,248,213,21.9,-
223,12,Tory Horton,SEA,WR91,22,176,298,229.3,33.5,-
224,12,Savion Williams,GB,WR92,23,165,300,220.2,33,-
225,12,Elijah Moore,BUF,WR93,25,203,262,232.3,17.7,-
226,12,Audric Estime,DEN,RB64,21,196,268,232.3,20.8,-
227,12,Noah Fant,FA,TE35,27,201,281,228.3,23.5,-
228,12,Juwan Johnson,NO,TE36,28,187,289,234.6,29.2,-
229,12,Darius Slayton,NYG,WR94,28,208,274,230.6,16.9,-
230,12,Kendre Miller,NO,RB65,23,174,267,230.9,24.9,-
231,12,Devaughn Vele,DEN,WR95,27,201,283,237.2,21.8,-
232,12,Malik Washington,MIA,WR96,24,199,253,226.1,13.9,-
233,12,Tyler Lockett,TEN,WR97,32,178,303,233.4,23.7,-
234,12,Tahj Brooks,CIN,RB66,23,183,267,230.4,24.4,-
235,12,Jalen Tolbert,DAL,WR98,26,205,306,231.5,22,-
236,12,Jaleel McLaughlin,DEN,RB67,24,202,270,242.9,20.2,-
237,12,Ollie Gordon II,MIA,RB68,21,184,303,238.6,30,-
238,12,Jordan James,SF,RB69,21,186,284,233.9,26.1,-
239,12,Oronde Gadsden II,LAC,TE37,22,155,292,220.8,36.6,-
240,12,Trevor Etienne,CAR,RB70,21,171,314,239.8,34.8,-
241,12,Calvin Austin III,PIT,WR99,26,153,293,240.4,29.6,-
242,12,Kyle Monangai,CHI,RB71,23,180,273,235.1,21.9,-
243,12,Brashard Smith,KC,RB72,22,189,261,224.3,24.4,-
244,12,Jordan Whittington,LAR,WR100,24,210,282,238.3,16.1,-
245,12,Will Shipley,PHI,RB73,22,179,314,250.1,34.1,-
246,12,Kayshon Boutte,NE,WR101,23,173,320,234.6,34.5,-
247,12,Xavier Restrepo,TEN,WR102,23,180,276,236.7,21.7,-
248,12,Damien Martinez,SEA,RB74,21,183,297,242.5,27,-
249,12,Keaton Mitchell,BAL,RB75,23,175,320,256.8,31.5,-
250,12,Brandin Cooks,NO,WR103,31,195,323,248.9,27.5,-
251,12,Parker Washington,JAC,WR104,23,216,300,253.6,24.5,-
252,12,Woody Marks,HOU,RB76,24,181,289,232.8,35.6,-
253,12,Ja'Lynn Polk,NE,WR105,23,202,291,239.7,22.1,-
254,12,Luke McCaffrey,WAS,WR106,24,203,279,241.8,18.1,-
255,12,Noah Gray,KC,TE38,26,202,277,237.4,24.4,-
256,12,Jermaine Burton,CIN,WR107,24,202,322,249.5,29.1,-
257,12,Michael Mayer,LV,TE39,24,161,279,232,27,-
258,13,Dyami Brown,JAC,WR108,25,180,308,240.8,33.9,-
259,13,Zack Moss,CIN,RB77,27,228,301,258.9,15.5,-
260,13,Miles Sanders,DAL,RB78,28,198,294,254.6,21.3,-
261,13,Kareem Hunt,KC,RB79,29,195,306,264.4,23.2,-
262,13,Nick Westbrook-Ikhine,MIA,WR109,28,197,291,251.7,28.8,-
263,13,Devin Singletary,NYG,RB80,27,219,290,257.6,19.4,-
264,13,Tez Johnson,TB,WR110,23,202,281,243.1,23.1,-
265,13,Tyler Conklin,LAC,TE40,30,217,298,254.9,23.6,-
266,13,Justice Hill,BAL,RB81,27,229,296,265.3,16.6,-
267,13,Tutu Atwell,LAR,WR111,25,177,317,251.8,38.9,-
268,13,Tai Felton,MIN,WR112,22,175,329,239.7,41,-
269,13,Dont'e Thornton Jr.,LV,WR113,22,163,315,235.1,44.4,-
270,13,Tyler Higbee,LAR,TE41,32,191,304,255.3,32.3,-
271,13,Isaiah Davis,NYJ,RB82,23,219,318,265.5,22.7,-
272,13,Antonio Gibson,NE,RB83,27,231,299,262.1,19.1,-
273,13,Khalil Herbert,IND,RB84,27,235,295,266.3,15.8,-
274,13,Tre Tucker,LV,WR114,24,220,306,257.6,22.3,-
275,13,Gunnar Helm,TEN,TE42,22,209,319,253.8,30.4,-
276,13,Raheem Mostert,LV,RB85,33,224,305,269.7,21.3,-
277,13,Elijah Mitchell,KC,RB86,27,216,319,273.7,27.8,-
278,13,Luke Musgrave,GB,TE43,24,230,285,257.4,17.4,-
279,13,Kimani Vidal,LAC,RB87,23,210,334,276,34.9,-
280,13,Sean Tucker,TB,RB88,23,211,309,273.6,25.9,-
281,13,Jacory Croskey-Merritt,WAS,RB89,24,186,306,245.2,36.5,-
282,13,Javon Baker,NE,WR115,23,237,298,260.7,18.3,-
283,13,Jaylin Lane,WAS,WR116,23,205,313,261,33.4,-
284,13,Gabe Davis,FA,WR117,26,211,292,252.7,25.1,-
285,13,Taysom Hill,NO,TE44,34,212,286,253.6,20.6,-
286,13,Will Dissly,LAC,TE45,29,217,294,261.2,24.5,-
287,13,Kenneth Gainwell,PIT,RB90,26,259,320,282.4,19.2,-
288,13,Chimere Dike,TEN,WR118,23,200,310,262.2,33.5,-
289,13,Malachi Corley,NYJ,WR119,23,246,303,270,20.6,-
290,13,Sincere McCormick,LV,RB91,24,251,329,289.2,23.2,-
291,13,Kirk Cousins,ATL,QB36,36,145,253,190.8,45.4,-
292,13,Isaiah Bond,FA,WR120,-,158,311,246.8,57,-
293,13,Demarcus Robinson,SF,WR121,30,240,330,277.8,23.6,-
294,13,Jahan Dotson,PHI,WR122,25,241,310,272.3,22.6,-
295,13,Cade Stover,HOU,TE46,25,249,275,265.9,7.9,-
296,13,Ty Johnson,BUF,RB92,27,243,329,287.1,25.6,-
297,13,Dameon Pierce,HOU,RB93,25,253,340,287.1,25.5,-
298,14,Alexander Mattison,MIA,RB94,27,265,335,287.2,20.8,-
299,14,Curtis Samuel,BUF,WR123,28,237,308,273.3,23.6,-
300,14,John Metchie III,HOU,WR124,25,239,331,267,30.8,-
301,14,Jalin Hyatt,NYG,WR125,23,254,314,280.4,16.4,-
302,14,Jalen Nailor,MIN,WR126,26,230,316,274.9,24.4,-
303,14,Dawson Knox,BUF,TE47,28,241,290,271,14.6,-
304,14,AJ Barner,SEA,TE48,23,257,324,279.5,20.7,-
305,14,Devontez Walker,BAL,WR127,24,249,336,287.4,24.1,-
306,14,Cam Akers,NO,RB95,26,255,306,274.5,14.3,-
307,14,Darnell Washington,PIT,TE49,23,262,304,283.2,13.6,-
308,14,KeAndre Lambert-Smith,LAC,WR128,23,258,335,288.9,25.2,-
309,14,Noah Brown,WAS,WR129,29,244,301,276.5,17.8,-
310,14,Erick All Jr.,CIN,TE50,24,264,307,284.8,15.2,-
311,14,Ty Chandler,MIN,RB96,27,260,324,285.9,18.8,-
312,14,LeQuint Allen Jr.,JAC,RB97,20,256,328,286.8,24.5,-
313,14,Zamir White,LV,RB98,25,258,338,297.4,24.5,-
314,14,Thomas Fidone II,NYG,TE51,22,209,286,255.4,26.4,-
315,14,Luke Schoonmaker,DAL,TE52,26,271,312,287.4,14.2,-
316,14,A.J. Dillon,PHI,RB99,27,248,333,293.2,24.8,-
317,14,Ricky White III,SEA,WR130,23,243,349,294.9,31.3,-
318,14,Ray-Ray McCloud III,ATL,WR131,28,244,347,289.3,35.9,-
319,14,Jacob Cowing,SF,WR132,24,262,322,299.9,20.3,-
320,14,Austin Hooper,NE,TE53,30,258,328,287,19.5,-
321,14,Dillon Gabriel,CLE,QB37,24,156,255,221.7,46.4,-
322,14,Treylon Burks,TEN,WR133,25,226,350,290.9,35.7,-
323,14,Josh Reynolds,NYJ,WR134,30,173,321,253.8,53.9,-
324,14,Will Howard,PIT,QB38,23,153,198,175.5,22.5,-
325,14,Kendrick Bourne,NE,WR135,30,255,343,293.4,28,-
326,14,Daniel Bellinger,NYG,TE54,24,261,326,299.3,22.8,-
327,14,Joe Flacco,CLE,QB39,40,149,211,180,31,-
328,14,Efton Chism III,NE,WR136,-,227,319,287.2,40.9,-
329,14,Arian Smith,NYJ,WR137,23,245,320,288.2,26.3,-
330,14,Marquez Valdes-Scantling,SEA,WR138,30,278,331,301.4,20.5,-
331,14,Kalel Mullings,TEN,RB100,22,235,294,263,21.3,-
332,14,Tim Patrick,DET,WR139,31,196,348,290.3,51.5,-
333,14,KaVontae Turpin,DAL,WR140,29,258,337,296.7,25.2,-
334,14,Allen Lazard,NYJ,WR141,29,210,351,284,60.7,-
335,14,Jonathan Mingo,DAL,WR142,24,265,341,298.9,20.8,-
336,14,Chris Rodriguez Jr.,WAS,RB101,25,230,297,269.3,28.2,-
337,14,Greg Dortch,ARI,WR143,27,270,345,305.6,21.7,-
338,14,Mitchell Evans,CAR,TE55,22,249,325,294,23.9,-
339,14,Phil Mafah,DAL,RB102,22,242,300,273.8,24.9,-
340,14,Foster Moreau,NO,TE56,28,262,333,297.2,26.4,-
341,14,Darren Waller,MIA,TE57,32,214,327,276.8,41.2,-
342,14,Mack Hollins,NE,WR144,31,261,288,278,10.2,-
343,14,Jeremy Ruckert,NYJ,TE58,24,262,313,290.4,19.3,-
344,14,Raheim Sanders,LAC,RB103,23,252,333,298.8,31.7,-
345,14,Jordan Watkins,SF,WR145,23,262,339,299.5,26.6,-
346,14,Chris Brooks,GB,RB104,25,259,326,291.8,24,-
347,14,Will Levis,TEN,QB40,26,205,237,221,16,-
348,14,Kenny Pickett,CLE,QB41,27,204,244,224,20,-
349,14,Nick Nash,ATL,WR146,25,242,325,283.8,32,-
350,14,Gus Edwards,FA,RB105,30,264,337,295,27.6,-
351,14,Colby Parkinson,LAR,TE59,26,277,325,297.2,20.1,-
352,14,Luke Lachey,HOU,TE60,24,257,312,287.8,22.1,-
353,14,Grant Calcaterra,PHI,TE61,26,265,324,288.8,22.8,-
354,14,Jelani Woods,IND,TE62,26,277,307,290.3,11.2,-
355,14,Emanuel Wilson,GB,RB106,26,291,310,301,8,-
356,14,Gavin Bartholomew,MIN,TE63,22,278,304,292.5,9.6,-
357,15,Donovan Edwards,NYJ,RB107,22,245,316,280,29,-
358,15,Spencer Rattler,NO,QB42,24,229,280,254.5,25.5,-
359,15,Marcus Yarns,NO,RB108,23,278,311,298.3,13.2,-
360,15,Jake Bobo,SEA,WR147,27,269,332,298.5,22.4,-
361,15,Michael Woods II,CLE,WR148,25,178,178,178,0,-
362,15,Hunter Long,JAC,TE64,26,262,312,287,20.4,-
363,15,Carson Steele,KC,RB109,22,215,309,262,47,-
364,15,Tommy Tremble,CAR,TE65,25,276,299,290,10,-
365,15,Greg Dulcich,NYG,TE66,25,263,315,290.7,21.4,-
366,15,Hunter Renfrow,CAR,WR149,29,193,193,193,0,-
367,15,Elijah Higgins,ARI,TE67,24,274,303,291,12.4,-
368,15,Trey Palmer,TB,WR150,24,272,346,312.8,24.8,-
369,15,Jameis Winston,NYG,QB43,31,248,292,270,22,-
370,15,Malik Willis,GB,QB44,26,203,203,203,0,-
371,15,Konata Mumpfield,LAR,WR151,22,261,318,297.7,26,-
372,15,Trey Sermon,PIT,RB110,26,273,312,297.7,17.5,-
373,15,Samaje Perine,CIN,RB111,29,294,323,310.3,12.6,-
374,15,Theo Wease Jr.,MIA,WR152,24,233,233,233,0,-
375,15,Jared Wiley,KC,TE68,24,305,330,313.3,9.9,-
376,15,Antwane Wells Jr.,NYG,WR153,24,235,235,235,0,-
377,15,Deion Burks,FA,WR154,-,238,238,238,0,-
378,15,Rondale Moore,MIN,WR155,25,286,334,308,19.8,-
379,15,Rasheen Ali,BAL,RB112,24,297,314,308,7.8,-
380,15,Mason Rudolph,PIT,QB45,30,249,249,249,0,-
381,15,Michael Gallup,WAS,WR156,29,251,251,251,0,-
382,15,Michael Carter,ARI,RB113,26,289,335,311.7,18.8,-
383,15,Bub Means,NO,WR157,24,297,299,298,1,-
384,15,Brevin Jordan,HOU,TE69,25,297,301,299,2,-
385,15,Quinn Ewers,MIA,QB46,22,261,261,261,0,-
386,15,Kylen Granson,PHI,TE70,27,296,305,300.5,4.5,-
387,15,Stone Smartt,NYJ,TE71,26,289,313,301,12,-
388,15,Luke Farrell,SF,TE72,27,289,314,301.5,12.5,-
389,15,Jalin Conyers,MIA,TE73,24,264,264,264,0,-
390,15,Ja'Quinden Jackson,JAC,RB114,23,264,264,264,0,-
391,15,Tylan Wallace,BAL,WR158,26,266,266,266,0,-
392,15,Harrison Bryant,PHI,TE74,27,288,319,303.5,15.5,-
393,15,Zay Jones,ARI,WR159,30,269,269,269,0,-
394,15,Ja'Corey Brooks,WAS,WR160,23,270,270,270,0,-
395,15,Mac Jones,SF,QB47,26,279,279,279,0,-
396,15,Dylan Laube,LV,RB115,25,293,327,310,17,-
397,15,Jamaal Pritchett,NYJ,WR161,-,283,283,283,0,-
398,15,Israel Abanikanda,GB,RB116,22,284,284,284,0,-
399,15,Payne Durham,TB,TE75,25,284,284,284,0,-
400,15,Jacoby Brissett,ARI,QB48,32,285,285,285,0,-
401,15,Emari Demercado,ARI,RB117,26,305,320,312.5,7.5,-
402,15,Jake Briningstool,KC,TE76,22,306,319,312.5,6.5,-
403,15,D'Onta Foreman,FA,RB118,29,286,286,286,0,-
404,15,Jake Browning,CIN,QB49,29,286,286,286,0,-
405,15,Marcus Mariota,WAS,QB50,31,287,287,287,0,-
406,15,Clyde Edwards-Helaire,NO,RB119,26,291,291,291,0,-
407,15,Kalif Raymond,DET,WR162,30,294,294,294,0,-
408,15,Josh Oliver,MIN,TE77,28,295,295,295,0,-
409,15,Pierre Strong Jr.,CLE,RB120,26,298,298,298,0,-
410,15,Adam Trautman,DEN,TE78,28,299,299,299,0,-
411,15,Jamaal Williams,FA,RB121,30,300,300,300,0,-
412,15,Ezekiel Elliott,FA,RB122,30,301,301,301,0,-
413,15,Ameer Abdullah,FA,RB123,32,303,303,303,0,-
414,15,Jeff Wilson Jr.,FA,RB124,29,304,304,304,0,-
415,15,Irv Smith Jr.,HOU,TE79,26,305,305,305,0,-
416,15,Donald Parham Jr.,PIT,TE80,27,307,307,307,0,-
417,15,Johnny Mundt,JAC,TE81,30,309,309,309,0,-
418,15,Jaheim Bell,NE,TE82,24,309,309,309,0,-
419,15,LaJohntay Wester,BAL,WR163,23,311,311,311,0,-
420,15,Jimmy Horn Jr.,CAR,WR164,22,312,312,312,0,-
421,15,Kaden Prather,BUF,WR165,22,313,313,313,0,-
422,15,Beaux Collins,NYG,WR166,22,314,314,314,0,-
423,15,Brock Wright,DET,TE83,26,315,315,315,0,-
424,15,Johnny Wilson,PHI,WR167,24,316,339,327.5,11.5,-
425,15,Hayden Hurst,FA,TE84,31,322,322,322,0,-
426,15,Dominic Lovett,DET,WR168,22,324,342,333,9,-
427,15,Davis Allen,LAR,TE85,24,327,327,327,0,-
428,15,JuJu Smith-Schuster,KC,WR169,28,334,336,335,1,-
429,15,Van Jefferson,TEN,WR170,29,338,338,338,0,-
430,15,Moliki Matavao,NO,TE86,22,344,344,344,0,-
